{
  "exact": {
    "era1": {
      "法治": {
        "政治": {
          "法治": 0.20582328736782074,
          "法制": 0.3222351372241974,
          "word_count": 29
        },
        "经济": {
          "法治": 0.20715810358524323,
          "法制": 0.4039795398712158,
          "word_count": 30
        },
        "社会治理": {
          "法治": 0.230237677693367,
          "法制": 0.3469574451446533,
          "word_count": 30
        },
        "生态": {
          "法治": 0.2535184919834137,
          "法制": 0.2338532954454422,
          "word_count": 30
        },
        "科技": {
          "法治": 0.0,
          "法制": 0.0,
          "word_count": 30
        }
      },
      "法制": {
        "政治": {
          "法治": 0.20582328736782074,
          "法制": 0.3222351372241974,
          "word_count": 29
        },
        "经济": {
          "法治": 0.20715810358524323,
          "法制": 0.4039795398712158,
          "word_count": 30
        },
        "社会治理": {
          "法治": 0.230237677693367,
          "法制": 0.3469574451446533,
          "word_count": 30
        },
        "生态": {
          "法治": 0.2535184919834137,
          "法制": 0.2338532954454422,
          "word_count": 30
        },
        "科技": {
          "法治": 0.0,
          "法制": 0.0,
          "word_count": 30
        }
      }
    },
    "era2": {
      "法治": {
        "政治": {
          "法治": 0.29661133885383606,
          "法制": 0.2827179431915283,
          "word_count": 29
        },
        "经济": {
          "法治": 0.2949691116809845,
          "法制": 0.2657392621040344,
          "word_count": 30
        },
        "社会治理": {
          "法治": 0.3038817048072815,
          "法制": 0.2786661684513092,
          "word_count": 30
        },
        "生态": {
          "法治": 0.21423596143722534,
          "法制": 0.23745016753673553,
          "word_count": 30
        },
        "科技": {
          "法治": 0.19190934300422668,
          "法制": 0.2101137340068817,
          "word_count": 30
        }
      },
      "法制": {
        "政治": {
          "法治": 0.29661133885383606,
          "法制": 0.2827179431915283,
          "word_count": 29
        },
        "经济": {
          "法治": 0.2949691116809845,
          "法制": 0.2657392621040344,
          "word_count": 30
        },
        "社会治理": {
          "法治": 0.3038817048072815,
          "法制": 0.2786661684513092,
          "word_count": 30
        },
        "生态": {
          "法治": 0.21423596143722534,
          "法制": 0.23745016753673553,
          "word_count": 30
        },
        "科技": {
          "法治": 0.19190934300422668,
          "法制": 0.2101137340068817,
          "word_count": 30
        }
      }
    },
    "era3": {
      "法治": {
        "政治": {
          "法治": 0.2645033001899719,
          "法制": 0.26026904582977295,
          "word_count": 29
        },
        "经济": {
          "法治": 0.24203705787658691,
          "法制": 0.2376352995634079,
          "word_count": 30
        },
        "社会治理": {
          "法治": 0.24782609939575195,
          "法制": 0.23489543795585632,
          "word_count": 30
        },
        "生态": {
          "法治": 0.1621902883052826,
          "法制": 0.16056211292743683,
          "word_count": 30
        },
        "科技": {
          "法治": 0.0,
          "法制": 0.0,
          "word_count": 30
        }
      },
      "法制": {
        "政治": {
          "法治": 0.2645033001899719,
          "法制": 0.26026904582977295,
          "word_count": 29
        },
        "经济": {
          "法治": 0.24203705787658691,
          "法制": 0.2376352995634079,
          "word_count": 30
        },
        "社会治理": {
          "法治": 0.24782609939575195,
          "法制": 0.23489543795585632,
          "word_count": 30
        },
        "生态": {
          "法治": 0.1621902883052826,
          "法制": 0.16056211292743683,
          "word_count": 30
        },
        "科技": {
          "法治": 0.0,
          "法制": 0.0,
          "word_count": 30
        }
      }
    }
  },
  "union": {
    "era1": {
      "法治": {
        "政治": {
          "法治": 0.20582328736782074,
          "法制": 0.3222351372241974,
          "word_count": 29
        },
        "经济": {
          "法治": 0.20715810358524323,
          "法制": 0.4039795398712158,
          "word_count": 30
        },
        "社会治理": {
          "法治": 0.230237677693367,
          "法制": 0.3469574451446533,
          "word_count": 30
        },
        "生态": {
          "法治": 0.2535184919834137,
          "法制": 0.2338532954454422,
          "word_count": 30
        },
        "科技": {
          "法治": 0.0,
          "法制": 0.0,
          "word_count": 30
        }
      },
      "法制": {
        "政治": {
          "法治": 0.20582328736782074,
          "法制": 0.3222351372241974,
          "word_count": 29
        },
        "经济": {
          "法治": 0.20715810358524323,
          "法制": 0.4039795398712158,
          "word_count": 30
        },
        "社会治理": {
          "法治": 0.230237677693367,
          "法制": 0.3469574451446533,
          "word_count": 30
        },
        "生态": {
          "法治": 0.2535184919834137,
          "法制": 0.2338532954454422,
          "word_count": 30
        },
        "科技": {
          "法治": 0.0,
          "法制": 0.0,
          "word_count": 30
        }
      }
    },
    "era2": {
      "法治": {
        "政治": {
          "法治": 0.29661133885383606,
          "法制": 0.2827179431915283,
          "word_count": 29
        },
        "经济": {
          "法治": 0.2949691116809845,
          "法制": 0.2657392621040344,
          "word_count": 30
        },
        "社会治理": {
          "法治": 0.3038817048072815,
          "法制": 0.2786661684513092,
          "word_count": 30
        },
        "生态": {
          "法治": 0.21423596143722534,
          "法制": 0.23745016753673553,
          "word_count": 30
        },
        "科技": {
          "法治": 0.19190934300422668,
          "法制": 0.2101137340068817,
          "word_count": 30
        }
      },
      "法制": {
        "政治": {
          "法治": 0.29661133885383606,
          "法制": 0.2827179431915283,
          "word_count": 29
        },
        "经济": {
          "法治": 0.2949691116809845,
          "法制": 0.2657392621040344,
          "word_count": 30
        },
        "社会治理": {
          "法治": 0.3038817048072815,
          "法制": 0.2786661684513092,
          "word_count": 30
        },
        "生态": {
          "法治": 0.21423596143722534,
          "法制": 0.23745016753673553,
          "word_count": 30
        },
        "科技": {
          "法治": 0.19190934300422668,
          "法制": 0.2101137340068817,
          "word_count": 30
        }
      }
    },
    "era3": {
      "法治": {
        "政治": {
          "法治": 0.2645033001899719,
          "法制": 0.26026904582977295,
          "word_count": 29
        },
        "经济": {
          "法治": 0.24203705787658691,
          "法制": 0.2376352995634079,
          "word_count": 30
        },
        "社会治理": {
          "法治": 0.24782609939575195,
          "法制": 0.23489543795585632,
          "word_count": 30
        },
        "生态": {
          "法治": 0.1621902883052826,
          "法制": 0.16056211292743683,
          "word_count": 30
        },
        "科技": {
          "法治": 0.0,
          "法制": 0.0,
          "word_count": 30
        }
      },
      "法制": {
        "政治": {
          "法治": 0.2645033001899719,
          "法制": 0.26026904582977295,
          "word_count": 29
        },
        "经济": {
          "法治": 0.24203705787658691,
          "法制": 0.2376352995634079,
          "word_count": 30
        },
        "社会治理": {
          "法治": 0.24782609939575195,
          "法制": 0.23489543795585632,
          "word_count": 30
        },
        "生态": {
          "法治": 0.1621902883052826,
          "法制": 0.16056211292743683,
          "word_count": 30
        },
        "科技": {
          "法治": 0.0,
          "法制": 0.0,
          "word_count": 30
        }
      }
    }
  },
  "general_union": {
    "era1": {
      "法治": {
        "政治": {
          "法治": 0.20582328736782074,
          "法制": 0.3222351372241974,
          "word_count": 29
        },