{
  "exactly": {
    "flexible": {
      "法治": {
        "era1": {
          "label_1": {
            "avg_similarity": 0.2685125470161438,
            "word_count": 15
          },
          "label_2": {
            "avg_similarity": 0.1918981522321701,
            "word_count": 12
          },
          "gap_index": -0.0766143947839737
        },
        "era2": {
          "label_1": {
            "avg_similarity": 0.28409093618392944,
            "word_count": 26
          },
          "label_2": {
            "avg_similarity": 0.35146117210388184,
            "word_count": 24
          },
          "gap_index": 0.06737023591995239
        },
        "era3": {
          "label_1": {
            "avg_similarity": 0.26301309466362,
            "word_count": 29
          },
          "label_2": {
            "avg_similarity": 0.28456079959869385,
            "word_count": 21
          },
          "gap_index": 0.021547704935073853
        }
      },
      "法制": {
        "era1": {
          "label_1": {
            "avg_similarity": 0.3553934097290039,
            "word_count": 24
          },
          "label_2": {
            "avg_similarity": 0.3988482356071472,
            "word_count": 14
          },
          "gap_index": 0.04345482587814331
        },
        "era2": {
          "label_1": {
            "avg_similarity": 0.30760160088539124,
            "word_count": 23
          },
          "label_2": {
            "avg_similarity": 0.3107436001300812,
            "word_count": 19
          },
          "gap_index": 0.0031419992446899414
        },
        "era3": {
          "label_1": {
            "avg_similarity": 0.23690439760684967,
            "word_count": 30
          },
          "label_2": {
            "avg_similarity": 0.23622767627239227,
            "word_count": 20
          },
          "gap_index": -0.0006767213344573975
        }
      }
    },
    "sliding_window": {
      "法治": {
        "era1": {
          "label_1": {
            "avg_similarity": 0.23198381066322327,
            "word_count": 15
          },
          "label_2": {
            "avg_similarity": 0.1672545075416565,
            "word_count": 12
          },
          "gap_index": -0.06472930312156677
        },
        "era2": {
          "label_1": {
            "avg_similarity": 0.21392470598220825,
            "word_count": 26
          },
          "label_2": {
            "avg_similarity": 0.1790093183517456,
            "word_count": 24
          },
          "gap_index": -0.034915387630462646
        },
        "era3": {
          "label_1": {
            "avg_similarity": 0.2453117072582245,
            "word_count": 29
          },
          "label_2": {
            "avg_similarity": 0.2304082214832306,
            "word_count": 21
          },
          "gap_index": -0.014903485774993896
        }
      },
      "法制": {
        "era1": {
          "label_1": {
            "avg_similarity": 0.3480992913246155,
            "word_count": 24
          },
          "label_2": {
            "avg_similarity": 0.37008705735206604,
            "word_count": 14
          },
          "gap_index": 0.02198776602745056
        },
        "era2": {
          "label_1": {
            "avg_similarity": 0.3635624945163727,
            "word_count": 23
          },
          "label_2": {
            "avg_similarity": 0.3696315884590149,
            "word_count": 19
          },
          "gap_index": 0.006069093942642212
        },
        "era3": {
          "label_1": {
            "avg_similarity": 0.3259440064430237,
            "word_count": 30
          },
          "label_2": {
            "avg_similarity": 0.3064122796058655,
            "word_count": 20
          },
          "gap_index": -0.019531726837158203
        }
      }
    }
  },
  "combined": {
    "flexible": {
      "法治": {
        "era1": {
          "label_1": {
            "avg_similarity": 0.26188424229621887,
            "word_count": 51
          },
          "label_2": {
            "avg_similarity": 0.21230992674827576,
            "word_count": 42
          },
          "gap_index": -0.049574315547943115
        },
        "era2": {
          "label_1": {
            "avg_similarity": 0.2802950441837311,
            "word_count": 51
          },
          "label_2": {
            "avg_similarity": 0.3409901559352875,
            "word_count": 42
          },
          "gap_index": 0.060695111751556396
        },
        "era3": {
          "label_1": {
            "avg_similarity": 0.26214033365249634,
            "word_count": 51
          },
          "label_2": {
            "avg_similarity": 0.2728263735771179,
            "word_count": 42
          },
          "gap_index": 0.010686039924621582
        }
      },
      "法制": {
        "era1": {
          "label_1": {
            "avg_similarity": 0.3505311906337738,
            "word_count": 51
          },
          "label_2": {
            "avg_similarity": 0.3365316390991211,
            "word_count": 42
          },
          "gap_index": -0.01399955153465271
        },
        "era2": {
          "label_1": {
            "avg_similarity": 0.2869674265384674,
            "word_count": 51
          },
          "label_2": {
            "avg_similarity": 0.29669907689094543,
            "word_count": 42
          },
          "gap_index": 0.009731650352478027
        },
        "era3": {
          "label_1": {
            "avg_similarity": 0.24172993004322052,
            "word_count": 51
          },
          "label_2": {
            "avg_similarity": 0.23422697186470032,
            "word_count": 42
          },
          "gap_index": -0.007502958178520203
        }
      }
    },
    "sliding_window": {
      "法治": {
        "era1": {
          "label_1": {
            "avg_similarity": 0.2459227591753006,
            "word_count": 30
          },
          "label_2": {
            "avg_similarity": 0.17883872985839844,
            "word_count": 23
          },
          "gap_index": -0.06708402931690216
        },
        "era2": {
          "label_1": {
            "avg_similarity": 0.2076604962348938,
            "word_count": 44
          },
          "label_2": {
            "avg_similarity": 0.1707753986120224,
            "word_count": 40
          },
          "gap_index": -0.0368850976228714
        },
        "era3": {
          "label_1": {
            "avg_similarity": 0.24214477837085724,
            "word_count": 43
          },
          "label_2": {
            "avg_similarity": 0.23421670496463776,
            "word_count": 29
          },
          "gap_index": -0.007928073406219482
        },
        "era4": {
          "label_1": {
            "avg_similarity": 0.2640998959541321,
            "word_count": 43
          },
          "label_2": {
            "avg_similarity": 0.28355762362480164,
            "word_count": 29
          },
          "gap_index": 0.019457727670669556
        },
        "era5": {
          "label_1": {
            "avg_similarity": 0.2608923614025116,
            "word_count": 43
          },
          "label_2": {
            "avg_similarity": 0.3277463912963867,
            "word_count": 29
          },
          "gap_index": 0.06685402989387512
        },
        "era6": {
          "label_1": {
            "avg_similarity": 0.27058711647987366,
            "word_count": 43
          },
          "label_2": {
            "avg_similarity": 0.3533674478530884,
            "word_count": 29
          },
          "gap_index": 0.08278033137321472
        },
        "era7": {
          "label_1": {
            "avg_similarity": 0.27666938304901123,
            "word_count": 32
          },
          "label_2": {
            "avg_similarity": 0.3398018181324005,
            "word_count": 22
          },
          "gap_index": 0.06313243508338928
        },
        "era8": {
          "label_1": {
            "avg_similarity": 0.2839354872703552,